1653357190,phuc,09097876957,hue,2022-05-24T01:53:27.689Z
1653359233,phuc,0909785747,hue,2022-05-24T02:27:30.104Z
1653365482,phuc ,0905749586,hue,2022-05-24T04:12:02.890Z
1653379110,huy,0967856789,Hue,2022-05-24T07:58:57.923Z
1653458181,Phuc ,0977586746,hue,2022-05-25T05:56:41.754Z
1653533755,Thi,0968795873,Hue,2022-05-26T02:56:50.503Z
1653534207,phuc,0967584757,Hue,2022-05-26T03:04:15.781Z
1653534857,Quynh Anh,0978695768,Hue,2022-05-26T03:14:42.717Z
1665763073,Hoan,0909090909,hue,2022-10-14T15:58:31.440Z
1688141049,phuc nguyen,0909090909,adbv,2023-06-30T16:04:34.173Z
1688141095,abc,0909090909,abvj,2023-06-30T16:05:38.972Z
1688142747,abvj,0909578989,ab,2023-06-30T16:32:50.098Z
1688148884,ádn,0934020405,fs,2023-06-30T18:15:13.717Z
1688149176,ạần,0909090909,áđânsda,2023-06-30T18:19:56.810Z
1688149232,óadsad,0909090909,ádnạd,2023-06-30T18:20:45.976Z
1688149287,ándsạdn,0909090909,áđận,2023-06-30T18:21:40.502Z
1688149422,áđam,0909090909,adjandj,2023-06-30T18:23:57.287Z
